sample_name	unit_name	fq1	fq2	sra	adapters	strandedness
Z22007658_20ng_BR_S7	L001	../fq/Z22007658_20ng_BR_S7_L001_R1_001.fastq.gz	../fq/Z22007658_20ng_BR_S7_L001_R2_001.fastq.gz		GAACGCAATA ACAGTAAGAT	
Z22007658_20ng_BR_S7	L002	../fq/Z22007658_20ng_BR_S7_L002_R1_001.fastq.gz	../fq/Z22007658_20ng_BR_S7_L002_R2_001.fastq.gz		CGGTTACGGC AAGACTATAG	
H22053532_20ng_BR_S10	L001	/mnt/illumina/230209_A01272_0035_BHTVFGDRX2/Fastq/H22053532_20ng_BR_S10_L001_R1_001.fastq.gz	/mnt/illumina/230209_A01272_0035_BHTVFGDRX2/Fastq/H22053532_20ng_BR_S10_L001_R2_001.fastq.gz		TCCGTTATGT TACACTACAA
H22053532_20ng_BR_S10	L002	/mnt/illumina/230209_A01272_0035_BHTVFGDRX2/Fastq/H22053532_20ng_BR_S10_L002_R1_001.fastq.gz	/mnt/illumina/230209_A01272_0035_BHTVFGDRX2/Fastq/H22053532_20ng_BR_S10_L002_R2_001.fastq.gz		TCCGTTATGT TACACTACAA
H22053532_50ng_BR_S12	L001	/mnt/illumina/230209_A01272_0035_BHTVFGDRX2/Fastq/H22053532_50ng_BR_S12_L001_R1_001.fastq.gz	/mnt/illumina/230209_A01272_0035_BHTVFGDRX2/Fastq/H22053532_50ng_BR_S12_L001_R2_001.fastq.gz		GGTCTATTAA CGTGTCGTGG
H22053532_50ng_BR_S12	L002	/mnt/illumina/230209_A01272_0035_BHTVFGDRX2/Fastq/H22053532_50ng_BR_S12_L002_R1_001.fastq.gz	/mnt/illumina/230209_A01272_0035_BHTVFGDRX2/Fastq/H22053532_50ng_BR_S12_L002_R2_001.fastq.gz		GGTCTATTAA CGTGTCGTGG
H22055087_20ng_BR_S6	L001	/mnt/illumina/230209_A01272_0035_BHTVFGDRX2/Fastq/H22055087_20ng_BR_S6_L001_R1_001.fastq.gz	/mnt/illumina/230209_A01272_0035_BHTVFGDRX2/Fastq/H22055087_20ng_BR_S6_L001_R2_001.fastq.gz		TCTCACACGC TCACTGTCCG
H22055087_20ng_BR_S6	L002	/mnt/illumina/230209_A01272_0035_BHTVFGDRX2/Fastq/H22055087_20ng_BR_S6_L002_R1_001.fastq.gz	/mnt/illumina/230209_A01272_0035_BHTVFGDRX2/Fastq/H22055087_20ng_BR_S6_L002_R2_001.fastq.gz		TCTCACACGC TCACTGTCCG
H22055087_20ng_HS_S5	L001	/mnt/illumina/230209_A01272_0035_BHTVFGDRX2/Fastq/H22055087_20ng_HS_S5_L001_R1_001.fastq.gz	/mnt/illumina/230209_A01272_0035_BHTVFGDRX2/Fastq/H22055087_20ng_HS_S5_L001_R2_001.fastq.gz		TAGAATTGGA TCAGATTAAC
H22055087_20ng_HS_S5	L002	/mnt/illumina/230209_A01272_0035_BHTVFGDRX2/Fastq/H22055087_20ng_HS_S5_L002_R1_001.fastq.gz	/mnt/illumina/230209_A01272_0035_BHTVFGDRX2/Fastq/H22055087_20ng_HS_S5_L002_R2_001.fastq.gz		TAGAATTGGA TCAGATTAAC
H22055087_50ng_BR_S8	L001	/mnt/illumina/230209_A01272_0035_BHTVFGDRX2/Fastq/H22055087_50ng_BR_S8_L001_R1_001.fastq.gz	/mnt/illumina/230209_A01272_0035_BHTVFGDRX2/Fastq/H22055087_50ng_BR_S8_L001_R2_001.fastq.gz		ATGGCGCCTG AGGCCGTGGA
H22055087_50ng_BR_S8	L002	/mnt/illumina/230209_A01272_0035_BHTVFGDRX2/Fastq/H22055087_50ng_BR_S8_L002_R1_001.fastq.gz	/mnt/illumina/230209_A01272_0035_BHTVFGDRX2/Fastq/H22055087_50ng_BR_S8_L002_R2_001.fastq.gz		ATGGCGCCTG AGGCCGTGGA
H23000551_20ng_BR_S1	L001	/mnt/illumina/230209_A01272_0035_BHTVFGDRX2/Fastq/H23000551_20ng_BR_S1_L001_R1_001.fastq.gz	/mnt/illumina/230209_A01272_0035_BHTVFGDRX2/Fastq/H23000551_20ng_BR_S1_L001_R2_001.fastq.gz		TGCCGGTCAG TTGTATCAGG
H23000551_20ng_BR_S1	L002	/mnt/illumina/230209_A01272_0035_BHTVFGDRX2/Fastq/H23000551_20ng_BR_S1_L002_R1_001.fastq.gz	/mnt/illumina/230209_A01272_0035_BHTVFGDRX2/Fastq/H23000551_20ng_BR_S1_L002_R2_001.fastq.gz		TGCCGGTCAG TTGTATCAGG
H23000551_20ng_HS_S3	L001	/mnt/illumina/230209_A01272_0035_BHTVFGDRX2/Fastq/H23000551_20ng_HS_S3_L001_R1_001.fastq.gz	/mnt/illumina/230209_A01272_0035_BHTVFGDRX2/Fastq/H23000551_20ng_HS_S3_L001_R2_001.fastq.gz		GAATTACAAG CTGAGCCGGT
H23000551_20ng_HS_S3	L002	/mnt/illumina/230209_A01272_0035_BHTVFGDRX2/Fastq/H23000551_20ng_HS_S3_L002_R1_001.fastq.gz	/mnt/illumina/230209_A01272_0035_BHTVFGDRX2/Fastq/H23000551_20ng_HS_S3_L002_R2_001.fastq.gz		GAATTACAAG CTGAGCCGGT
H23000551_50ng_BR_S4	L001	/mnt/illumina/230209_A01272_0035_BHTVFGDRX2/Fastq/H23000551_50ng_BR_S4_L001_R1_001.fastq.gz	/mnt/illumina/230209_A01272_0035_BHTVFGDRX2/Fastq/H23000551_50ng_BR_S4_L001_R2_001.fastq.gz		CACTCAATTC CACAACTTAA
H23000551_50ng_BR_S4	L002	/mnt/illumina/230209_A01272_0035_BHTVFGDRX2/Fastq/H23000551_50ng_BR_S4_L002_R1_001.fastq.gz	/mnt/illumina/230209_A01272_0035_BHTVFGDRX2/Fastq/H23000551_50ng_BR_S4_L002_R2_001.fastq.gz		CACTCAATTC CACAACTTAA
Z22007658_50ng_BR_S9	L001	/mnt/illumina/230209_A01272_0035_BHTVFGDRX2/Fastq/Z22007658_50ng_BR_S9_L001_R1_001.fastq.gz	/mnt/illumina/230209_A01272_0035_BHTVFGDRX2/Fastq/Z22007658_50ng_BR_S9_L001_R2_001.fastq.gz		TAATTAGCGT TTCTTAACCA
Z22007658_50ng_BR_S9	L002	/mnt/illumina/230209_A01272_0035_BHTVFGDRX2/Fastq/Z22007658_50ng_BR_S9_L002_R1_001.fastq.gz	/mnt/illumina/230209_A01272_0035_BHTVFGDRX2/Fastq/Z22007658_50ng_BR_S9_L002_R2_001.fastq.gz		TAATTAGCGT TTCTTAACCA
Z22008726_20ng_BR_S2	L001	/mnt/illumina/230209_A01272_0035_BHTVFGDRX2/Fastq/Z22008726_20ng_BR_S2_L001_R1_001.fastq.gz	/mnt/illumina/230209_A01272_0035_BHTVFGDRX2/Fastq/Z22008726_20ng_BR_S2_L001_R2_001.fastq.gz		CAGCAATCGT ATACATCACA
Z22008726_20ng_BR_S2	L002	/mnt/illumina/230209_A01272_0035_BHTVFGDRX2/Fastq/Z22008726_20ng_BR_S2_L002_R1_001.fastq.gz	/mnt/illumina/230209_A01272_0035_BHTVFGDRX2/Fastq/Z22008726_20ng_BR_S2_L002_R2_001.fastq.gz		CAGCAATCGT ATACATCACA
Z22009056_20ng_BR_S11	L001	/mnt/illumina/230209_A01272_0035_BHTVFGDRX2/Fastq/Z22009056_20ng_BR_S11_L001_R1_001.fastq.gz	/mnt/illumina/230209_A01272_0035_BHTVFGDRX2/Fastq/Z22009056_20ng_BR_S11_L001_R2_001.fastq.gz		ATTAACAAGG ACGAACAACA
Z22009056_20ng_BR_S11	L002	/mnt/illumina/230209_A01272_0035_BHTVFGDRX2/Fastq/Z22009056_20ng_BR_S11_L002_R1_001.fastq.gz	/mnt/illumina/230209_A01272_0035_BHTVFGDRX2/Fastq/Z22009056_20ng_BR_S11_L002_R2_001.fastq.gz		ATTAACAAGG ACGAACAACA
